date,t,u,pres,tend24
20200101000000,276,91,101781,-1
20200101030000,276,90,101734,-48
20200101060000,276,91,101737,-20
20200101090000,276,91,101821,-38
20200101120000,278,88,101774,-60
20200101150000,278,89,101704,-47
20200101180000,277,93,101732,-48
20200101210000,276,94,101700,-105
20200102000000,276,94,101640,-141
20200102030000,276,93,101570,-164
20200102060000,276,92,101512,-224
20200102090000,277,92,101537,-284
20200102120000,280,87,101425,-348
20200102150000,280,86,101265,-438
20200102180000,279,90,101254,-478
20200102210000,280,89,101215,-484
20200103000000,281,87,101172,-467
20200103030000,280,86,101091,-478
20200103060000,279,90,101110,-402
20200103090000,280,88,101231,-305
20200103120000,282,83,101275,-150
20200103150000,283,80,101351,85
20200103180000,281,83,101538,284
20200103210000,280,86,101695,480
20200104000000,279,89,101762,590
20200104030000,278,90,101814,722
20200104060000,277,90,101898,788
20200104090000,278,88,102018,787
20200104120000,282,71,101988,712
20200104150000,282,69,101978,627
20200104180000,280,77,102041,502
20200104210000,279,80,102077,381
20200105000000,279,81,102065,302
20200105030000,278,85,102050,235
20200105060000,277,86,102055,157
20200105090000,278,86,102091,72
20200105120000,280,83,101998,10
20200105150000,280,82,101915,-62
20200105180000,278,88,101904,-137
20200105210000,277,87,101828,-248
20200106000000,276,89,101720,-345
20200106030000,275,89,101581,-468
20200106060000,275,89,101505,-550
20200106090000,276,88,101450,-641
20200106120000,281,76,101265,-732
20200106150000,282,77,101161,-754
20200106180000,279,84,101277,-627
20200106210000,278,90,101344,-484
20200107000000,278,92,101372,-347
20200107030000,278,93,101461,-120
20200107060000,278,91,101472,-32
20200107090000,280,90,101588,138
20200107120000,282,85,101535,270
20200107150000,283,82,101434,272
20200107180000,281,88,101467,190
20200107210000,280,93,101441,97
20200108000000,279,94,101411,38
20200108030000,279,93,101411,-50
20200108060000,280,92,101400,-72
20200108090000,281,89,101518,-70
20200108120000,283,82,101454,-81
20200108150000,284,84,101362,-71
20200108180000,283,87,101365,-101
20200108210000,282,88,101257,-184
20200109000000,282,85,101097,-314
20200109030000,282,84,100905,-505
20200109060000,282,84,100748,-651
20200109090000,283,79,100631,-887
20200109120000,285,73,100450,-1004
20200109150000,285,71,100240,-1122
20200109180000,283,77,100164,-1201
20200109210000,283,78,100318,-938
20200110000000,282,81,100464,-632
20200110030000,281,83,100557,-348
20200110060000,281,79,100727,-21
20200110090000,281,79,101000,368
20200110120000,282,76,101184,734
20200110150000,282,75,101331,1091
20200110180000,280,82,101561,1397
20200110210000,279,83,101721,1402
20200111000000,279,85,101797,1332
20200111030000,278,85,101802,1245
20200111060000,278,84,101807,1080
20200111090000,279,83,101848,848
20200111120000,282,67,101754,570
20200111150000,282,69,101621,290
20200111180000,279,79,101602,41
20200111210000,278,82,101545,-175
20200112000000,277,85,101444,-352
20200112030000,276,86,101380,-422
20200112060000,276,87,101354,-452
20200112090000,278,84,101398,-450
20200112120000,281,73,101357,-397
20200112150000,282,72,101282,-338
20200112180000,280,81,101322,-280
20200112210000,278,84,101298,-247
20200113000000,278,88,101205,-238
20200113030000,277,90,101058,-321
20200113060000,277,90,100898,-455
20200113090000,278,87,100794,-604
20200113120000,280,80,100558,-798
20200113150000,283,77,100271,-1011
20200113180000,281,82,100161,-1161
20200113210000,281,81,100027,-1271
20200114000000,280,81,100005,-1200
20200114030000,281,79,99898,-1160
20200114060000,281,76,99924,-974
20200114090000,282,75,99992,-801
20200114120000,285,69,99961,-597
20200114150000,285,68,99935,-335
20200114180000,284,72,100021,-140
20200114210000,283,76,100067,40
20200115000000,283,73,100091,85
20200115030000,282,73,100108,210
20200115060000,282,73,100174,250
20200115090000,282,70,100305,312
20200115120000,284,69,100462,501
20200115150000,285,67,100572,637
20200115180000,282,78,100871,850
20200115210000,281,82,101032,965
20200116000000,280,84,101131,1040
20200116030000,280,83,101118,1010
20200116060000,279,88,101084,910
20200116090000,280,86,101094,788
20200116120000,285,74,100961,498
20200116150000,286,68,100814,241
20200116180000,283,77,100792,-78
20200116210000,282,81,100728,-304
20200117000000,281,79,100654,-477
20200117030000,281,78,100607,-511
20200117060000,281,79,100608,-475
20200117090000,281,80,100691,-402
20200117120000,282,77,100742,-218
20200117150000,282,75,100772,-41
20200117180000,280,84,100974,181
20200117210000,279,84,101084,355
20200118000000,278,86,101181,527
20200118030000,277,88,101241,634
20200118060000,276,91,101285,677
20200118090000,277,89,101344,652
20200118120000,281,69,101278,535
20200118150000,281,65,101204,431
20200118180000,278,80,101298,324
20200118210000,277,81,101418,334
20200119000000,276,82,101446,313
20200119030000,275,85,101692,451
20200119060000,275,85,101834,548
20200119090000,276,79,102057,712
20200119120000,280,64,102181,902
20200119150000,280,58,102231,1027
20200119180000,278,66,102442,1144
20200119210000,277,74,102604,1185
20200120000000,276,77,102678,1115
20200120030000,275,81,102665,972
20200120060000,275,83,102718,884
20200120090000,276,80,102828,771
20200120120000,279,69,102802,621
20200120150000,280,63,102692,461
20200120180000,278,75,102690,247
20200120210000,277,76,102687,82
20200121000000,277,78,102677,-1
20200121030000,275,83,102561,-104
20200121060000,275,84,102521,-197
20200121090000,276,83,102552,-275
20200121120000,279,71,102475,-327
20200121150000,279,70,102288,-404
20200121180000,277,76,102245,-444
20200121210000,276,82,102227,-460
20200122000000,275,83,102172,-504
20200122030000,274,86,102047,-514
20200122060000,274,88,101971,-550
20200122090000,275,86,101975,-577
20200122120000,278,81,101924,-551
20200122150000,278,82,101757,-531
20200122180000,277,83,101717,-528
20200122210000,277,83,101700,-527
20200123000000,277,84,101665,-507
20200123030000,276,85,101537,-510
20200123060000,276,86,101460,-511
20200123090000,277,88,101455,-520
20200123120000,278,84,101357,-567
20200123150000,279,80,101161,-595
20200123180000,278,85,101144,-572
20200123210000,276,90,101172,-527
20200124000000,276,91,101140,-525
20200124030000,275,90,101010,-527
20200124060000,275,90,100972,-487
20200124090000,276,88,101014,-441
20200124120000,279,81,100952,-404
20200124150000,280,76,100808,-352
20200124180000,278,85,100824,-320
20200124210000,276,90,100852,-320
20200125000000,276,93,100807,-332
20200125030000,276,93,100717,-292
20200125060000,276,94,100695,-277
20200125090000,277,92,100754,-260
20200125120000,280,83,100697,-255
20200125150000,281,80,100540,-268
20200125180000,280,86,100535,-288
20200125210000,279,91,100532,-320
20200126000000,278,94,100478,-328
20200126030000,278,94,100415,-301
20200126060000,278,92,100405,-290
20200126090000,279,91,100472,-281
20200126120000,281,88,100422,-274
20200126150000,282,82,100321,-218
20200126180000,281,88,100330,-205
20200126210000,280,91,100335,-197
20200127000000,279,94,100261,-217
20200127030000,279,92,100150,-265
20200127060000,279,91,100040,-365
20200127090000,280,87,99967,-505
20200127120000,282,81,99800,-622
20200127150000,282,77,99585,-735
20200127180000,282,82,99405,-924
20200127210000,281,83,99307,-1028
20200128000000,280,87,99205,-1055
20200128030000,280,83,99095,-1054
20200128060000,280,81,99104,-935
20200128090000,280,78,99317,-650
20200128120000,282,68,99454,-345
20200128150000,281,70,99501,-84
20200128180000,280,79,99590,184
20200128210000,280,78,99661,354
20200129000000,279,81,99751,545
20200129030000,279,76,99865,770
20200129060000,279,79,99967,862
20200129090000,279,81,100121,804
20200129120000,283,68,100175,721
20200129150000,283,69,100191,690
20200129180000,281,78,100292,702
20200129210000,280,82,100372,711
20200130000000,280,82,100328,577
20200130030000,279,86,100212,347
20200130060000,279,87,100130,162
20200130090000,280,85,100134,12
20200130120000,283,83,100008,-167
20200130150000,284,85,99881,-310
20200130180000,284,91,99935,-357
20200130210000,283,92,100042,-330
20200131000000,283,91,100101,-227
20200131030000,283,92,100141,-71
20200131060000,283,91,100197,67
20200131090000,284,91,100314,180
20200131120000,287,82,100284,275
20200131150000,287,81,100171,290
20200131180000,286,86,100148,212
20200131210000,285,89,100117,74
20200201000000,284,90,100002,-98
20200201030000,283,91,99875,-265
20200201060000,283,89,99832,-364
20200201090000,284,86,99928,-385
20200201120000,286,83,100062,-221
20200201150000,286,78,100100,-50
20200201180000,285,83,100221,72
20200201210000,284,88,100372,255
20200202000000,283,89,100384,381
20200202030000,283,90,100305,430
20200202060000,283,92,100244,411
20200202090000,284,88,100248,320
20200202120000,287,82,100308,245
20200202150000,287,79,100358,258
20200202180000,286,86,100464,242
20200202210000,285,91,100552,180
20200203000000,284,92,100580,195
20200203030000,283,92,100615,310
20200203060000,283,90,100677,432
20200203090000,284,84,100784,535
20200203120000,287,75,100731,422
20200203150000,287,75,100521,162
20200203180000,284,83,100390,-74
20200203210000,283,84,100291,-261
20200204000000,283,76,100300,-280
20200204030000,282,77,100490,-125
20200204060000,282,75,100601,-75
20200204090000,281,69,100760,-24
20200204120000,283,58,100831,100
20200204150000,282,61,100931,410
20200204180000,280,69,101267,877
20200204210000,280,73,101447,1155
20200205000000,279,76,101632,1332
20200205030000,279,75,101727,1237
20200205060000,278,77,101838,1237
20200205090000,280,73,101998,1238
20200205120000,282,62,101998,1167
20200205150000,283,57,101904,972
20200205180000,280,69,101912,645
20200205210000,277,75,101887,440
20200206000000,276,82,101824,191
20200206030000,275,84,101721,-5
20200206060000,274,85,101618,-220
20200206090000,276,79,101615,-382
20200206120000,282,54,101557,-441
20200206150000,283,53,101385,-518
20200206180000,280,63,101374,-538
20200206210000,277,74,101332,-554
20200207000000,277,76,101260,-564
20200207030000,276,79,101157,-564
20200207060000,275,81,101078,-540
20200207090000,277,75,101055,-560
20200207120000,282,70,100952,-604
20200207150000,283,67,100807,-578
20200207180000,280,78,100791,-582
20200207210000,280,83,100802,-530
20200208000000,279,84,100845,-414
20200208030000,278,84,100812,-344
20200208060000,278,85,100834,-244
20200208090000,280,81,100928,-127
20200208120000,284,69,100932,-20
20200208150000,284,68,100864,57
20200208180000,282,79,100934,142
20200208210000,280,85,100980,177
20200209000000,280,86,100898,52
20200209030000,280,85,100771,-41
20200209060000,280,84,100674,-160
20200209090000,282,78,100587,-341
20200209120000,285,68,100350,-582
20200209150000,285,71,100044,-820
20200209180000,285,77,99910,-1024
20200209210000,284,78,99791,-1188
20200210000000,284,74,99734,-1164
20200210030000,284,75,99725,-1045
20200210060000,284,72,99891,-782
20200210090000,284,71,100135,-451
20200210120000,287,57,100140,-265
20200210150000,286,62,99900,-144
20200210180000,285,67,99835,-74
20200210210000,284,66,99908,117
20200211000000,283,67,100052,318
20200211030000,282,66,100108,382
20200211060000,281,68,100190,298
20200211090000,282,65,100285,150
20200211120000,284,57,100332,192
20200211150000,283,65,100327,427
20200211180000,282,68,100454,618
20200211210000,280,71,100630,721
20200212000000,280,72,100665,612
20200212030000,279,76,100635,527
20200212060000,278,77,100701,511
20200212090000,280,73,100827,541
20200212120000,283,59,100795,462
20200212150000,283,59,100678,351
20200212180000,281,66,100664,210
20200212210000,279,71,100574,-55
20200213000000,278,77,100391,-274
20200213030000,278,80,100088,-547
20200213060000,278,75,99848,-852
20200213090000,280,71,99681,-1145
20200213120000,284,67,99572,-1222
20200213150000,284,78,99472,-1205
20200213180000,283,76,99690,-974
20200213210000,283,73,100038,-535
20200214000000,282,73,100301,-181
20200214030000,281,81,100457,368
20200214060000,280,83,100650,801
20200214090000,282,80,100880,1198
20200214120000,284,70,100971,1398
20200214150000,285,68,100932,1460
20200214180000,283,79,101005,1315
20200214210000,281,81,101027,988
20200215000000,280,86,100991,690
20200215030000,279,86,100912,455
20200215060000,278,88,100854,204
20200215090000,281,80,100858,-21
20200215120000,285,71,100687,-284
20200215150000,287,65,100482,-450
20200215180000,285,72,100500,-505
20200215210000,284,75,100435,-591
20200216000000,284,75,100372,-618
20200216030000,284,78,100225,-687
20200216060000,284,77,100120,-734
20200216090000,285,72,100112,-745
20200216120000,287,71,100000,-687
20200216150000,288,67,99961,-521
20200216180000,285,74,100134,-365
20200216210000,284,76,100310,-125
20200217000000,284,74,100431,58
20200217030000,282,81,100477,251
20200217060000,282,81,100471,351
20200217090000,283,79,100608,495
20200217120000,283,79,100744,744
20200217150000,283,80,100775,814
20200217180000,282,84,100957,822
20200217210000,281,83,101151,841
20200218000000,280,85,101255,824
20200218030000,279,87,101315,838
20200218060000,278,87,101382,911
20200218090000,280,81,101517,908
20200218120000,283,66,101462,718
20200218150000,283,62,101330,554
20200218180000,282,71,101295,338
20200218210000,281,75,101248,97
20200219000000,280,79,101134,-121
20200219030000,279,82,101048,-267
20200219060000,279,83,101120,-262
20200219090000,281,75,101248,-268
20200219120000,283,68,101261,-201
20200219150000,283,68,101131,-198
20200219180000,281,79,101122,-172
20200219210000,280,83,101051,-197
20200220000000,279,86,100947,-187
20200220030000,279,83,100817,-231
20200220060000,279,83,100737,-382
20200220090000,281,78,100764,-484
20200220120000,284,70,100672,-588
20200220150000,286,59,100615,-515
20200220180000,283,69,100761,-361
20200220210000,280,74,101048,-2
20200221000000,279,77,101264,317
20200221030000,278,81,101368,551
20200221060000,277,82,101470,732
20200221090000,280,75,101611,847
20200221120000,283,67,101611,938
20200221150000,284,60,101507,891
20200221180000,281,69,101520,758
20200221210000,279,78,101535,487
20200222000000,278,82,101515,251
20200222030000,277,85,101411,42
20200222060000,277,83,101465,-4
20200222090000,280,75,101567,-44
20200222120000,285,67,101561,-50
20200222150000,286,64,101475,-31
20200222180000,285,68,101585,65
20200222210000,283,76,101648,112
20200223000000,281,84,101598,82
20200223030000,281,87,101425,14
20200223060000,280,90,101308,-157
20200223090000,283,81,101298,-268
20200223120000,286,74,101232,-328
20200223150000,287,70,101145,-330
20200223180000,286,75,101248,-337
20200223210000,283,81,101328,-320
20200224000000,282,84,101322,-275
20200224030000,281,86,101184,-241
20200224060000,280,91,101052,-255
20200224090000,282,87,100891,-407
20200224120000,286,76,100665,-567
20200224150000,287,69,100342,-802
20200224180000,286,74,100204,-1044
20200224210000,284,79,100155,-1172
20200225000000,282,83,100031,-1291
20200225030000,281,84,99862,-1321
20200225060000,280,83,99801,-1251
20200225090000,282,78,99738,-1152
20200225120000,283,73,99580,-1085
20200225150000,283,74,99337,-1005
20200225180000,281,77,99280,-924
20200225210000,281,73,99242,-912
20200226000000,280,75,99214,-817
20200226030000,279,72,99232,-630
20200226060000,278,74,99251,-550
20200226090000,279,71,99468,-270
20200226120000,280,61,99604,24
20200226150000,281,61,99691,354
20200226180000,279,71,99877,597
20200226210000,278,78,99958,715
20200227000000,277,80,99828,614
20200227030000,278,81,99578,345
20200227060000,278,81,99317,65
20200227090000,278,78,99128,-340
20200227120000,281,74,98952,-651
20200227150000,281,79,99137,-554
20200227180000,280,76,99568,-308
20200227210000,280,74,99995,37
20200228000000,279,72,100232,404
20200228030000,278,80,100328,750
20200228060000,277,87,100432,1115
20200228090000,280,78,100484,1355
20200228120000,282,68,100340,1387
20200228150000,283,68,100072,935
20200228180000,283,76,99888,320
20200228210000,282,76,99701,-294
20200229000000,283,70,99424,-808
20200229030000,282,79,99057,-1271
20200229060000,281,77,98818,-1614
20200229090000,283,69,98672,-1811
20200229120000,284,67,98700,-1640
20200229150000,284,64,98747,-1325
20200229180000,282,74,98898,-990
20200229210000,280,80,98997,-704
20200301000000,281,80,98981,-442
20200301030000,280,80,98860,-197
20200301060000,280,80,98787,-31
20200301090000,282,75,98764,91
20200301120000,284,66,98647,-52
20200301150000,284,65,98414,-332
20200301180000,282,73,98538,-360
20200301210000,281,76,98611,-385
20200302000000,280,77,98415,-565
20200302030000,280,84,98057,-802
20200302060000,279,89,97764,-1022
20200302090000,280,88,97780,-984
20200302120000,282,84,97820,-827
20200302150000,281,83,98024,-390
20200302180000,280,78,98365,-172
20200302210000,279,83,98684,72
20200303000000,278,84,98900,484
20200303030000,277,82,99034,977
20200303060000,276,85,99100,1335
20200303090000,279,75,99114,1334
20200303120000,281,68,99095,1275
20200303150000,282,66,99068,1044
20200303180000,280,74,99430,1064
20200303210000,278,84,99717,1032
20200304000000,277,84,99870,970
20200304030000,277,84,99904,870
20200304060000,277,88,99937,837
20200304090000,280,81,99960,845
20200304120000,282,74,99930,834
20200304150000,283,68,99754,685
20200304180000,282,80,99678,248
20200304210000,281,83,99591,-125
20200305000000,281,85,99357,-512
20200305030000,281,88,99024,-880
20200305060000,281,89,98702,-1234
20200305090000,282,87,98517,-1442
20200305120000,282,91,98400,-1530
20200305150000,282,88,98214,-1540
20200305180000,282,84,98214,-1464
20200305210000,281,82,98330,-1261
20200306000000,280,82,98470,-887
20200306030000,279,82,98560,-464
20200306060000,279,83,98735,32
20200306090000,280,78,98954,437
20200306120000,281,73,99137,737
20200306150000,282,66,99285,1071
20200306180000,281,72,99600,1385
20200306210000,279,78,99894,1564
20200307000000,279,76,100110,1640
20200307030000,278,79,100227,1667
20200307060000,277,84,100415,1680
20200307090000,281,74,100625,1671
20200307120000,283,64,100700,1562
20200307150000,284,62,100674,1388
20200307180000,282,73,100748,1148
20200307210000,280,77,100787,892
20200308000000,280,79,100691,581
20200308030000,279,83,100530,302
20200308060000,279,81,100484,68
20200308090000,281,73,100500,-125
20200308120000,284,65,100372,-327
20200308150000,285,68,100182,-491
20200308180000,283,72,100184,-564
20200308210000,282,80,100201,-585
20200309000000,281,82,100191,-500
20200309030000,280,85,100195,-334
20200309060000,279,85,100278,-205
20200309090000,282,79,100422,-77
20200309120000,283,69,100452,80
20200309150000,284,66,100432,250
20200309180000,282,77,100564,380
20200309210000,281,84,100601,400
20200310000000,280,90,100497,305
20200310030000,280,88,100344,148
20200310060000,281,86,100307,28
20200310090000,283,82,100371,-51
20200310120000,285,80,100371,-81
20200310150000,285,80,100311,-121
20200310180000,285,82,100387,-177
20200310210000,284,83,100468,-132
20200311000000,284,86,100521,24
20200311030000,283,87,100502,158
20200311060000,283,89,100564,257
20200311090000,286,81,100657,285
20200311120000,288,76,100620,248
20200311150000,288,72,100488,177
20200311180000,287,78,100448,61
20200311210000,286,77,100414,-54
20200312000000,284,83,100367,-154
20200312030000,283,85,100311,-191
20200312060000,283,82,100411,-152
20200312090000,284,77,100555,-101
20200312120000,285,70,100561,-58
20200312150000,285,66,100445,-42
20200312180000,284,72,100475,27
20200312210000,283,78,100594,180
20200313000000,281,81,100645,278
20200313030000,280,83,100652,341
20200313060000,280,81,100765,354
20200313090000,282,72,100864,308
20200313120000,284,58,100841,280
20200313150000,285,56,100705,260
20200313180000,282,67,100651,175
20200313210000,280,77,100675,81
20200314000000,280,82,100644,-1
20200314030000,279,86,100578,-74
20200314060000,278,89,100587,-178
20200314090000,281,76,100681,-182
20200314120000,284,70,100650,-191
20200314150000,285,64,100550,-155
20200314180000,283,74,100567,-84
20200314210000,281,81,100582,-92
20200315000000,279,88,100510,-125
20200315030000,279,90,100347,-231
20200315060000,279,88,100262,-324
20200315090000,283,72,100247,-434
20200315120000,286,62,100142,-507
20200315150000,287,57,100022,-527
20200315180000,285,63,100037,-530
20200315210000,282,75,100092,-490
20200316000000,281,79,100175,-334
20200316030000,280,80,100267,-80
20200316060000,279,84,100450,187
20200316090000,284,72,100685,438
20200316120000,287,57,100797,654
20200316150000,287,59,100877,854
20200316180000,285,65,101052,1015
20200316210000,282,75,101270,1177
20200317000000,281,78,101367,1191
20200317030000,281,79,101428,1161
20200317060000,280,83,101571,1121
20200317090000,284,72,101705,1020
20200317120000,287,61,101702,905
20200317150000,288,55,101590,712
20200317180000,286,64,101601,548
20200317210000,283,76,101668,398
20200318000000,281,82,101598,231
20200318030000,280,85,101512,84
20200318060000,279,88,101500,-71
20200318090000,285,75,101512,-192
20200318120000,289,60,101397,-305
20200318150000,290,51,101210,-380
20200318180000,287,61,101151,-450
20200318210000,284,71,101190,-478
20200319000000,282,76,101145,-452
20200319030000,281,81,101047,-465
20200319060000,280,85,101021,-478
20200319090000,286,70,101074,-438
20200319120000,290,54,100957,-440
20200319150000,291,50,100790,-420
20200319180000,288,58,100742,-408
20200319210000,285,67,100794,-395
20200320000000,284,71,100754,-391
20200320030000,283,76,100712,-334
20200320060000,282,82,100737,-284
20200320090000,285,74,100814,-260
20200320120000,288,62,100740,-217
20200320150000,288,61,100627,-162
20200320180000,285,68,100638,-104
20200320210000,283,74,100684,-110
20200321000000,282,78,100630,-124
20200321030000,281,79,100524,-188
20200321060000,280,79,100484,-252
20200321090000,282,75,100482,-331
20200321120000,284,69,100405,-334
20200321150000,285,65,100292,-334
20200321180000,283,72,100297,-341
20200321210000,281,74,100400,-284
20200322000000,280,76,100424,-205
20200322030000,279,76,100420,-104
20200322060000,278,76,100507,22
20200322090000,281,66,100591,108
20200322120000,284,61,100604,198
20200322150000,285,55,100537,244
20200322180000,283,56,100658,361
20200322210000,281,58,100825,425
20200323000000,279,64,100885,461
20200323030000,278,69,100894,474
20200323060000,278,72,100991,484
20200323090000,281,60,101071,480
20200323120000,284,50,101058,454
20200323150000,285,46,100974,437
20200323180000,283,51,101018,360
20200323210000,280,57,101128,302
20200324000000,278,60,101161,275
20200324030000,277,63,101154,260
20200324060000,276,66,101164,172
20200324090000,281,51,101187,115
20200324120000,285,40,101098,40
20200324150000,286,37,100911,-62
20200324180000,283,47,100867,-151
20200324210000,279,58,100917,-211
20200325000000,277,61,100890,-271
20200325030000,276,60,100802,-351
20200325060000,275,61,100804,-360
20200325090000,281,47,100755,-431
20200325120000,284,39,100588,-510
20200325150000,285,33,100390,-521
20200325180000,283,36,100328,-538
20200325210000,279,50,100355,-561
20200326000000,278,58,100261,-628
20200326030000,276,63,100175,-627
20200326060000,275,65,100190,-614
20200326090000,280,54,100244,-511
20200326120000,283,42,100205,-382
20200326150000,284,40,100132,-257
20200326180000,281,51,100191,-137
20200326210000,279,59,100277,-78
20200327000000,277,67,100254,-7
20200327030000,276,74,100227,51
20200327060000,276,77,100274,84
20200327090000,281,62,100337,92
20200327120000,284,47,100300,94
20200327150000,286,48,100212,80
20200327180000,284,54,100290,98
20200327210000,281,66,100424,147
20200328000000,280,73,100444,190
20200328030000,278,80,100445,218
20200328060000,278,81,100511,237
20200328090000,283,66,100605,268
20200328120000,287,54,100564,264
20200328150000,288,51,100487,274
20200328180000,286,59,100561,271
20200328210000,283,65,100718,294
20200329000000,281,65,100811,367
20200329030000,280,65,100805,360
20200329060000,279,71,100865,354
20200329090000,281,66,100971,365
20200329120000,282,55,100981,417
20200329150000,282,58,100964,477
20200329180000,280,66,101040,478
20200329210000,278,67,101137,418
20200330000000,277,69,101132,321
20200330030000,277,71,101062,257
20200330060000,276,70,101058,192
20200330090000,278,63,101118,147
20200330120000,281,56,101005,24
20200330150000,282,53,100860,-104
20200330180000,280,58,100848,-191
20200330210000,278,70,100921,-215
20200331000000,277,77,100907,-225
20200331030000,276,81,100858,-204
20200331060000,276,83,100934,-124
20200331090000,280,66,101014,-104
20200331120000,283,53,100941,-64
20200331150000,284,47,100805,-54
20200331180000,283,48,100798,-50
20200331210000,280,62,100870,-51
20200401000000,278,66,100817,-90
20200401030000,277,68,100741,-117
20200401060000,277,71,100728,-205
20200401090000,281,54,100728,-285
20200401120000,284,43,100550,-391
20200401150000,285,43,100380,-425
20200401180000,283,50,100332,-465
20200401210000,279,60,100382,-487
20200402000000,277,72,100327,-490
20200402030000,276,78,100235,-505
20200402060000,276,80,100235,-492
20200402090000,282,58,100261,-467
20200402120000,285,47,100190,-360
20200402150000,285,46,100080,-300
20200402180000,284,53,100087,-245
20200402210000,281,67,100184,-198
20200403000000,279,74,100208,-118
20200403030000,278,79,100220,-15
20200403060000,277,82,100334,98
20200403090000,283,63,100457,195
20200403120000,286,51,100458,268
20200403150000,286,49,100412,332
20200403180000,285,51,100458,371
20200403210000,282,63,100577,392
20200404000000,279,73,100595,387
20200404030000,278,76,100605,385
20200404060000,278,78,100672,338
20200404090000,285,56,100747,290
20200404120000,289,43,100655,197
20200404150000,290,39,100522,110
20200404180000,288,44,100497,38
20200404210000,284,51,100562,-14
20200405000000,282,59,100551,-44
20200405030000,281,63,100454,-151
20200405060000,281,65,100498,-174
20200405090000,288,49,100518,-228
20200405120000,292,39,100387,-268
20200405150000,293,35,100244,-278
20200405180000,290,41,100205,-291
20200405210000,286,54,100308,-254
20200406000000,284,59,100370,-181
20200406030000,282,64,100431,-22
20200406060000,282,64,100577,78
20200406090000,289,47,100772,254
20200406120000,290,48,100878,491
20200406150000,290,51,100920,675
20200406180000,289,51,101032,827
20200406210000,285,61,101224,915
20200407000000,284,67,101315,945
20200407030000,282,72,101322,891
20200407060000,282,76,101385,808
20200407090000,288,58,101430,657
20200407120000,292,45,101320,441
20200407150000,293,41,101190,270
20200407180000,291,47,101161,128
20200407210000,287,55,101214,-10
20200408000000,285,64,101208,-107
20200408030000,283,69,101137,-185
20200408060000,282,74,101151,-234
20200408090000,289,55,101172,-257
20200408120000,293,44,101037,-282
20200408150000,295,37,100900,-290
20200408180000,292,43,100865,-295
20200408210000,287,55,100941,-272
20200409000000,284,63,100927,-281
20200409030000,282,72,100870,-267
20200409060000,283,72,100927,-224
20200409090000,291,48,100995,-177
20200409120000,294,39,100900,-137
20200409150000,295,37,100771,-128
20200409180000,293,38,100775,-90
20200409210000,287,51,100885,-55
20200410000000,285,58,100880,-47
20200410030000,284,64,100861,-8
20200410060000,283,67,100910,-17
20200410090000,290,50,100950,-45
20200410120000,295,41,100864,-35
20200410150000,296,33,100725,-45
20200410180000,293,40,100730,-45
20200410210000,288,50,100845,-40
20200411000000,285,58,100862,-17
20200411030000,284,64,100825,-35
20200411060000,283,67,100881,-28
20200411090000,290,54,100944,-5
20200411120000,294,44,100854,-10
20200411150000,295,38,100725,0
20200411180000,292,43,100708,-21
20200411210000,288,56,100775,-70
20200412000000,285,65,100761,-101
20200412030000,283,71,100624,-201
20200412060000,283,74,100570,-311
20200412090000,290,62,100482,-461
20200412120000,294,40,100275,-578
20200412150000,292,47,100074,-651
20200412180000,290,53,99988,-720
20200412210000,287,62,100025,-750
20200413000000,285,67,100022,-738
20200413030000,284,69,99988,-635
20200413060000,284,67,100097,-472
20200413090000,287,59,100242,-240
20200413120000,289,54,100271,-4
20200413150000,288,62,100237,162
20200413180000,285,64,100342,354
20200413210000,283,67,100540,514
20200414000000,281,72,100615,592
20200414030000,280,73,100657,668
20200414060000,279,73,100725,628
20200414090000,283,55,100772,530
20200414120000,286,48,100701,430
20200414150000,288,43,100592,355
20200414180000,286,46,100580,237
20200414210000,283,57,100665,125
20200415000000,280,71,100707,91
20200415030000,280,69,100698,41
20200415060000,280,69,100748,22
20200415090000,286,49,100760,-12
20200415120000,290,38,100607,-94
20200415150000,292,37,100447,-145
20200415180000,290,45,100418,-161
20200415210000,286,57,100484,-181
20200416000000,284,59,100460,-247
20200416030000,283,66,100390,-308
20200416060000,283,70,100404,-344
20200416090000,290,53,100402,-357
20200416120000,293,48,100338,-268
20200416150000,294,46,100214,-232
20200416180000,291,51,100181,-237
20200416210000,287,64,100261,-222
20200417000000,286,68,100255,-204
20200417030000,284,74,100227,-162
20200417060000,285,74,100214,-190
20200417090000,290,60,100192,-210
20200417120000,292,55,100121,-217
20200417150000,293,53,100037,-177
20200417180000,291,60,100038,-142
20200417210000,288,75,100110,-151
20200418000000,287,77,100150,-105
20200418030000,286,80,100184,-42
20200418060000,285,84,100288,74
20200418090000,289,72,100314,121
20200418120000,292,61,100294,172
20200418150000,293,60,100227,190
20200418180000,290,70,100237,198
20200418210000,287,78,100310,200
20200419000000,285,86,100252,102
20200419030000,284,89,100197,12
20200419060000,285,90,100212,-75
20200419090000,287,81,100175,-138
20200419120000,290,70,100065,-228
20200419150000,290,70,99934,-292
20200419180000,288,75,99895,-341
20200419210000,287,82,99938,-371
20200420000000,286,80,99878,-374
20200420030000,285,84,99778,-418
20200420060000,284,83,99751,-461
20200420090000,287,74,99717,-458
20200420120000,289,67,99621,-444
20200420150000,291,62,99482,-451
20200420180000,290,61,99497,-398
20200420210000,288,67,99594,-344
20200421000000,286,71,99572,-305
20200421030000,285,70,99514,-264
20200421060000,285,70,99535,-215
20200421090000,287,65,99601,-115
20200421120000,291,56,99617,-4
20200421150000,291,54,99598,115
20200421180000,290,57,99691,194
20200421210000,287,65,99854,260
20200422000000,286,63,99918,345
20200422030000,285,65,99941,427
20200422060000,285,68,100044,508
20200422090000,289,57,100131,530
20200422120000,291,50,100130,512
20200422150000,293,47,100084,485
20200422180000,291,52,100157,465
20200422210000,288,63,100338,484
20200423000000,285,70,100394,475
20200423030000,284,73,100415,474
20200423060000,285,72,100507,462
20200423090000,290,53,100545,414
20200423120000,293,45,100474,344
20200423150000,294,44,100350,265
20200423180000,292,51,100305,148
20200423210000,288,62,100371,32
20200424000000,285,72,100320,-74
20200424030000,283,78,100250,-165
20200424060000,284,79,100258,-248
20200424090000,290,68,100241,-304
20200424120000,293,50,100101,-372
20200424150000,294,47,99945,-404
20200424180000,292,51,99860,-445
20200424210000,288,66,99941,-430
20200425000000,286,72,99945,-374
20200425030000,285,76,99890,-360
20200425060000,285,75,99870,-388
20200425090000,288,65,99912,-328
20200425120000,292,52,99814,-287
20200425150000,292,51,99652,-292
20200425180000,289,60,99628,-231
20200425210000,286,70,99752,-188
20200426000000,285,75,99767,-178
20200426030000,283,81,99725,-164
20200426060000,284,81,99747,-122
20200426090000,288,69,99835,-77
20200426120000,290,56,99780,-34
20200426150000,292,51,99674,21
20200426180000,290,53,99647,18
20200426210000,286,74,99754,1
20200427000000,284,85,99745,-21
20200427030000,283,89,99665,-60
20200427060000,285,86,99658,-88
20200427090000,290,67,99645,-190
20200427150000,293,55,99425,-248
20200427180000,290,63,99404,-242
20200427210000,287,72,99504,-250
20200428000000,286,76,99447,-298
20200428030000,286,87,99365,-300
20200428060000,285,88,99384,-274
20200428090000,286,86,99397,-248
20200428120000,289,73,99392,-148
20200428150000,289,67,99380,-45
20200428180000,287,75,99455,51
20200428210000,285,84,99580,75
20200429000000,284,85,99602,155
20200429030000,284,87,99537,171
20200429060000,284,84,99530,145
20200429090000,287,74,99594,197
20200429120000,289,58,99531,138
20200429150000,290,63,99404,24
20200429180000,287,71,99352,-102
20200429210000,286,75,99375,-204
20200430000000,285,80,99335,-267
20200430030000,285,83,99245,-291
20200430060000,284,86,99252,-277
20200430090000,286,80,99262,-331
20200430120000,287,72,99235,-295
20200430150000,288,70,99157,-247
20200430180000,286,76,99197,-155
20200430210000,284,80,99300,-75
20200501000000,284,80,99310,-25
20200501030000,283,84,99291,45
20200501060000,284,84,99307,54
20200501090000,286,76,99295,32
20200501120000,289,65,99288,52
20200501150000,288,68,99328,171
20200501180000,287,73,99421,224
20200501210000,285,82,99602,302
20200502000000,285,85,99700,390
20200502030000,284,85,99747,455
20200502060000,285,81,99825,518
20200502090000,287,74,99918,622
20200502120000,289,69,99954,665
20200502150000,289,68,99960,631
20200502180000,289,64,100025,604
20200502210000,286,78,100175,572
20200503000000,284,86,100247,547
20200503030000,283,89,100258,511
20200503060000,284,90,100348,522
20200503090000,288,78,100412,494
20200503120000,290,69,100382,428
20200503150000,291,67,100322,362
20200503180000,291,66,100274,248
20200503210000,288,75,100342,167
20200504000000,286,88,100341,94
20200504030000,285,88,100295,37
20200504060000,286,85,100344,-4
20200504090000,290,73,100345,-67
20200504120000,293,59,100270,-112
20200504150000,294,55,100124,-198
20200504180000,292,60,100075,-198
20200504210000,288,73,100168,-174
20200505000000,287,73,100112,-228
20200505030000,286,77,100110,-185
20200505060000,286,76,100128,-215
20200505090000,288,69,100212,-132
20200505120000,290,66,100232,-37
20200505150000,291,58,100248,124
20200505180000,290,60,100292,217
20200505210000,287,67,100461,292
20200506000000,286,76,100517,404
20200506030000,284,80,100515,405
20200506060000,285,81,100587,458
20200506090000,290,61,100662,450
20200506120000,293,51,100674,441
20200506150000,293,46,100638,390
20200506180000,292,50,100677,384
20200506210000,288,65,100804,342
20200507000000,285,74,100852,335
20200507030000,283,84,100835,320
20200507060000,285,73,100862,275
20200507090000,291,53,100855,192
20200507120000,295,41,100797,122
20200507150000,295,42,100641,2
20200507180000,293,48,100558,-118
20200507210000,289,61,100597,-207
20200508000000,287,68,100561,-291
20200508030000,285,75,100500,-335
20200508060000,287,71,100477,-385
20200508090000,293,51,100421,-434
20200508120000,296,41,100332,-464
20200508150000,296,45,100171,-470
20200508180000,294,47,100092,-465
20200508210000,291,59,100120,-477
20200509000000,288,67,100091,-470
20200509030000,287,71,100007,-492
20200509060000,288,70,99994,-482
20200509090000,292,62,99960,-461
20200509120000,295,54,99778,-554
20200509150000,295,55,99642,-528
20200509180000,293,63,99561,-531
20200509210000,290,75,99544,-575
20200510000000,289,79,99467,-624
20200510030000,288,84,99381,-625
20200510060000,288,85,99362,-631
20200510090000,291,75,99308,-651
20200510120000,293,68,99237,-541
20200510150000,292,68,99118,-524
20200510180000,290,79,99081,-480
20200510210000,287,87,99151,-392
20200511000000,286,86,99115,-351
20200511030000,285,84,99037,-344
20200511060000,283,82,99062,-300
20200511090000,284,74,99201,-107
20200511120000,286,65,99335,98
20200511150000,286,64,99507,388
20200511180000,284,69,99755,674
20200511210000,282,75,100041,890
20200512000000,280,80,100160,1044
20200512030000,279,83,100197,1160
20200512060000,281,78,100277,1214
20200512090000,284,66,100277,1075
20200512120000,286,59,100224,888
20200512150000,286,58,100090,582
20200512180000,285,63,99981,225
20200512210000,283,72,100001,-40
20200513000000,282,81,99902,-257
20200513030000,281,84,99790,-407
20200513060000,283,79,99682,-576
20200513090000,286,66,99594,-682
20200513120000,287,66,99542,-681
20200513150000,287,65,99532,-557
20200513180000,286,73,99601,-380
20200513210000,284,79,99810,-191
20200514000000,283,80,99917,14
20200514030000,282,83,99915,125
20200514060000,282,79,99997,314
20200514090000,285,71,100028,434
20200514120000,287,63,99935,392
20200514150000,288,59,99832,300
20200514180000,287,64,99848,247
20200514210000,285,70,99958,148
20200515000000,283,77,99994,77
20200515030000,282,80,100048,132
20200515060000,283,76,100251,254
20200515090000,286,66,100425,397
20200515120000,289,57,100504,568
20200515150000,289,55,100531,698
20200515180000,288,58,100578,730
20200515210000,285,71,100725,767
20200516000000,284,77,100762,768
20200516030000,282,84,100747,698
20200516060000,284,78,100821,570
20200516090000,288,61,100825,400
20200516120000,291,51,100791,287
20200516150000,291,52,100685,154
20200516180000,290,54,100655,77
20200516210000,286,68,100755,30
20200517000000,284,75,100768,5
20200517030000,283,79,100782,35
20200517060000,284,74,100882,61
20200517090000,289,59,100974,148
20200517120000,292,49,100972,181
20200517150000,293,46,100878,192
20200517180000,292,47,100881,225
20200517210000,287,64,100988,232
20200518000000,285,77,100992,224
20200518030000,283,82,100974,191
20200518060000,285,75,101035,152
20200518090000,290,57,101071,97
20200518120000,294,45,101056,8
20200518150000,296,36,100874,-4
20200518180000,294,42,100831,-50
20200518210000,290,56,100702,-140
20200519000000,286,70,100842,-150
20200519030000,285,78,100772,-201
20200519060000,287,75,100787,-248
20200519090000,292,56,100764,-307
20200519120000,296,46,100690,-297
20200519150000,297,45,100575,-298
20200519180000,295,48,100575,-255
20200519210000,291,62,100671,-215
20200520000000,288,70,100642,-200
20200520030000,286,74,100555,-217
20200520060000,289,67,100571,-215
20200520090000,294,54,100595,-168
20200520120000,298,44,100528,-161
20200520150000,298,43,100435,-140
20200520180000,297,43,100422,-152
20200520210000,292,58,100522,-148
20200521000000,289,72,100571,-71
20200521030000,287,82,100575,20
20200521060000,289,77,100688,117
20200521090000,294,61,100732,137
20200521120000,298,51,100678,150
20200521150000,299,44,100558,122
20200521180000,298,43,100544,121
20200521210000,293,59,100617,94
20200522000000,291,75,100597,25
20200522030000,289,81,100577,1
20200522060000,290,77,100661,-27
20200522090000,294,59,100797,64
20200522120000,297,56,100844,165
20200522150000,297,54,100830,271
20200522180000,295,60,100842,298
20200522210000,292,68,100937,320
20200523000000,291,74,100970,372
20200523030000,289,76,100995,418
20200523060000,289,77,101120,458
20200523090000,290,71,101254,457
20200523120000,289,66,101420,575
20200523150000,290,63,101472,642
20200523180000,289,67,101531,688
20200523210000,286,80,101642,705
20200524000000,284,85,101657,687
20200524030000,283,89,101645,650
20200524060000,285,84,101718,598
20200524090000,290,64,101761,507
20200524120000,292,54,101718,298
20200524150000,293,51,101677,204
20200524180000,292,54,101658,127
20200524210000,288,69,101725,82
20200525000000,286,76,101707,50
20200525030000,285,82,101712,67
20200525060000,287,79,101787,68
20200525090000,292,55,101791,30
20200525120000,294,46,101747,28
20200525150000,295,45,101651,-25
20200525180000,294,46,101614,-44
20200525210000,290,61,101714,-11
20200526000000,287,71,101707,0
20200526030000,285,78,101701,-11
20200526060000,288,71,101777,-10
20200526090000,293,55,101821,30
20200526120000,296,44,101765,18
20200526150000,297,40,101667,15
20200526180000,295,42,101632,18
20200526210000,291,55,101718,4
20200527000000,288,67,101718,11
20200527030000,286,74,101694,-7
20200527060000,289,66,101774,-2
20200527090000,294,48,101800,-21
20200527120000,297,42,101725,-40
20200527150000,297,38,101620,-47
20200527180000,295,43,101571,-61
20200527210000,291,56,101644,-74
20200528000000,288,67,101607,-133
20200528030000,287,72,101537,-157
20200528060000,289,66,101550,-224
20200528090000,293,54,101478,-321
20200528120000,296,44,101330,-395
20200528150000,297,37,101147,-472
20200528180000,295,41,101054,-517
20200528210000,291,52,101052,-591
20200529000000,288,66,100988,-618
20200529030000,286,69,100917,-620
20200529060000,288,61,100925,-624
20200529090000,293,48,100885,-592
20200529120000,296,39,100772,-557
20200529150000,297,36,100628,-518
20200529180000,295,39,100567,-487
20200529210000,291,54,100627,-425
20200530000000,288,68,100615,-372
20200530030000,286,69,100580,-337
20200530060000,289,59,100595,-330
20200530090000,294,44,100568,-317
20200530120000,296,38,100462,-310
20200530150000,297,36,100347,-281
20200530180000,295,43,100294,-272
20200530210000,291,55,100372,-254
20200531000000,288,61,100374,-241
20200531030000,287,66,100338,-241
20200531060000,289,58,100404,-191
20200531090000,294,47,100405,-162
20200531120000,296,41,100347,-115
20200531150000,297,39,100275,-71
20200531180000,295,45,100260,-34
20200531210000,291,54,100368,-4
20200601000000,289,62,100394,20
20200601030000,287,71,100381,42
20200601060000,289,65,100451,47
20200601090000,294,52,100482,77
20200601120000,297,46,100444,97
20200601150000,298,42,100371,95
20200601180000,296,46,100341,81
20200601210000,292,61,100441,72
20200602000000,289,72,100452,58
20200602030000,288,80,100390,8
20200602060000,290,73,100420,-31
20200602090000,296,53,100394,-88
20200602120000,298,42,100267,-177
20200602150000,299,39,100108,-262
20200602180000,297,43,99962,-378
20200602210000,293,53,99954,-487
20200603000000,290,68,99848,-604
20200603030000,288,77,99678,-711
20200603060000,290,72,99598,-821
20200603090000,295,59,99491,-902
20200603120000,295,56,99337,-930
20200603150000,295,58,99157,-951
20200603180000,293,66,99068,-894
20200603210000,289,85,99082,-871
20200604000000,289,85,98987,-885
20200604030000,288,88,98835,-842
20200604060000,287,90,98804,-794
20200604090000,288,82,98808,-682
20200604120000,289,75,98780,-557
20200604150000,290,65,98740,-417
20200604180000,288,76,98787,-281
20200604210000,287,81,98901,-181
20200605000000,286,84,98897,-90
20200605030000,285,87,98858,22
20200605060000,286,85,98888,84
20200605090000,287,77,98901,92
20200605120000,290,62,98928,148
20200605150000,289,70,98990,250
20200605180000,288,75,99052,265
20200605210000,287,81,99177,275
20200606000000,286,82,99180,282
20200606030000,285,83,99181,322
20200606060000,286,79,99254,365
20200606090000,289,65,99307,405
20200606120000,291,57,99332,404
20200606150000,291,61,99262,272
20200606180000,289,70,99247,194
20200606210000,287,81,99362,185
20200607000000,286,89,99365,185
20200607030000,285,91,99371,190
20200607060000,285,90,99478,224
20200607090000,287,77,99622,315
20200607120000,290,61,99684,351
20200607150000,292,53,99687,424
20200607180000,290,63,99768,521
20200607210000,287,78,99908,545
20200608000000,285,83,99928,562
20200608030000,284,86,99907,535
20200608060000,286,82,99997,518
20200608090000,289,71,100051,428
20200608120000,291,62,100041,357
20200608150000,291,60,100027,340
20200608180000,289,69,100067,298
20200608210000,287,80,100221,312
20200609000000,285,85,100241,312
20200609030000,285,85,100191,284
20200609060000,286,84,100261,264
20200609090000,288,74,100320,268
20200609120000,289,69,100338,297
20200609150000,290,62,100294,267
20200609180000,289,69,100284,217
20200609210000,287,78,100377,155
20200610000000,285,83,100341,100
20200610030000,284,87,100255,64
20200610060000,286,82,100237,-24
20200610090000,289,68,100208,-111
20200610120000,290,62,100128,-210
20200610150000,291,58,100018,-275
20200610180000,290,64,99925,-358
20200610210000,287,79,99922,-454
20200611000000,286,86,99775,-565
20200611030000,285,89,99577,-678
20200611060000,286,86,99468,-768
20200611090000,290,73,99361,-847
20200611120000,292,60,99321,-807
20200611150000,293,58,99288,-730
20200611180000,292,64,99257,-668
20200611210000,288,78,99375,-547
20200612000000,287,84,99312,-462
20200612030000,287,87,99191,-385
20200612060000,288,83,99121,-347
20200612090000,291,73,99102,-258
20200612120000,293,67,99094,-227
20200612150000,293,65,99091,-197
20200612180000,293,67,99125,-131
20200612210000,289,78,99332,-42
20200613000000,287,85,99444,131
20200613030000,286,90,99488,297
20200613060000,288,87,99592,471
20200613090000,291,75,99682,580
20200613120000,293,62,99708,614
20200613150000,294,56,99732,641
20200613180000,293,60,99841,715
20200613210000,289,78,100015,682
20200614000000,287,85,100095,651
20200614030000,286,88,100108,620
20200614060000,288,80,100191,598
20200614090000,291,68,100265,582
20200614120000,293,59,100268,560
20200614150000,294,59,100228,495
20200614180000,293,63,100242,401
20200614210000,290,79,100364,348
20200615000000,288,86,100391,295
20200615030000,287,87,100368,260
20200615060000,288,83,100414,222
20200615090000,292,69,100447,181
20200615120000,294,58,100420,151
20200615150000,294,57,100351,122
20200615180000,293,62,100344,101
20200615210000,290,79,100402,38
20200616000000,288,84,100374,-17
20200616030000,287,87,100310,-58
20200616060000,289,82,100310,-104
20200616090000,292,71,100280,-167
20200616120000,294,61,100161,-258
20200616150000,294,62,100052,-298
20200616180000,292,70,100012,-331
20200616210000,290,79,100092,-310
20200617000000,288,84,100078,-295
20200617030000,287,89,99980,-330
20200617060000,288,86,100005,-304
20200617090000,292,71,99997,-282
20200617120000,292,69,99938,-222
20200617150000,292,68,99921,-131
20200617180000,291,71,99920,-92
20200617210000,289,82,100015,-77
20200618000000,287,88,100005,-72
20200618030000,286,90,99937,-42
20200618060000,287,87,99958,-47
20200618090000,291,71,100008,11
20200618120000,292,65,100002,64
20200618150000,294,59,99967,45
20200618180000,292,66,99994,74
20200618210000,289,78,100172,157
20200619000000,287,85,100248,242
20200619030000,286,88,100274,337
20200619060000,288,83,100365,407
20200619090000,291,69,100414,405
20200619120000,293,62,100447,444
20200619150000,294,60,100442,475
20200619180000,292,65,100478,484
20200619210000,290,76,100620,447
20200620000000,288,80,100661,412
20200620030000,287,86,100660,385
20200620060000,289,81,100710,344
20200620090000,293,63,100750,335
20200620120000,294,56,100731,284
20200620150000,295,52,100658,215
20200620180000,294,59,100624,145
20200620210000,291,72,100675,55
20200621000000,289,78,100632,-28
20200621030000,288,86,100578,-81
20200621060000,289,78,100667,-42
20200621090000,293,64,100702,-47
20200621120000,295,59,100731,0
20200621150000,296,57,100717,58
20200621180000,294,64,100781,157
20200621210000,291,73,100940,264
20200622000000,290,77,101022,390
20200622030000,289,82,101035,457
20200622060000,290,76,101105,438
20200622090000,293,64,101132,430
20200622120000,295,53,101114,382
20200622150000,297,50,100981,264
20200622180000,296,51,100900,118
20200622210000,292,61,100941,1
20200623000000,289,73,100925,-97
20200623030000,288,80,100868,-167
20200623060000,291,72,100880,-225
20200623090000,296,55,100861,-271
20200623120000,299,48,100788,-325
20200623150000,301,44,100642,-338
20200623180000,300,45,100554,-345
20200623210000,295,58,100607,-334
20200624000000,293,66,100567,-358
20200624030000,291,75,100515,-352
20200624060000,293,69,100541,-338
20200624090000,299,55,100504,-357
20200624120000,301,46,100438,-350
20200624150000,302,42,100361,-281
20200624180000,301,44,100302,-251
20200624210000,296,56,100380,-227
20200625000000,294,63,100361,-205
20200625030000,291,68,100285,-230
20200625060000,294,65,100281,-260
20200625090000,299,52,100265,-238
20200625120000,301,48,100211,-227
20200625150000,302,46,100087,-274
20200625180000,300,49,100035,-267
20200625210000,296,65,100098,-281
20200626000000,293,71,100060,-301
20200626030000,292,75,99987,-298
20200626060000,293,73,100048,-232
20200626090000,295,76,100074,-191
20200626120000,298,63,99990,-221
20200626150000,298,62,99905,-181
20200626180000,297,63,99825,-210
20200626210000,294,78,99908,-190
20200627000000,292,82,99922,-137
20200627030000,291,86,99875,-111
20200627060000,292,80,99902,-145
20200627090000,295,64,99974,-100
20200627120000,296,66,100001,11
20200627150000,298,57,99958,52
20200627180000,296,64,99978,152
20200627210000,293,74,100070,161
20200628000000,292,76,100125,202
20200628030000,291,79,100158,282
20200628060000,291,78,100275,372
20200628090000,294,66,100344,370
20200628120000,296,55,100302,301
20200628150000,296,52,100257,298
20200628180000,293,68,100271,292
20200628210000,291,77,100321,251
20200629000000,290,81,100277,151
20200629030000,289,82,100200,41
20200629060000,290,79,100252,-22
20200629090000,292,68,100278,-65
20200629120000,296,51,100222,-80
20200629150000,296,51,100127,-130
20200629180000,294,58,100077,-194
20200629210000,291,72,100124,-197
20200630000000,289,79,100100,-177
20200630030000,288,79,100041,-158
20200630060000,290,74,100055,-197
20200630090000,293,68,100030,-248
20200630120000,295,62,99967,-255
20200630150000,296,60,99878,-248
20200630180000,296,63,99788,-288
20200630210000,294,72,99810,-314
